generation,best_ind,best_gen_fit,avg_gen_fit,worst_gen_fit,total_time,%surface_occupied,maximum_occupancy
0,MKDTGIQVDRDLDGKSHK,-600.4613106889527,-431.83225861809035,719.6754478518533,3278.1861481666565,0.5581395348837209,0.6976744186046512
1,GSHKKTDSQDSDCLAGCVCTNNKFCGSP,-568.6419717487599,-465.1027216827969,-316.81041845494633,1633.5344099998474,0.4418604651162791,0.7209302325581395
2,ERHKILHRLSLEDKTERELEFNRLYC,-541.0443313100101,-433.5924377130848,-16.316591600862303,1676.0752685070038,0.5581395348837209,0.813953488372093
3,GSHKKTDEKKLQEGSP,-578.0947217589738,-458.48486622022403,289.1074605469339,1588.3351624011993,0.6511627906976745,0.6511627906976745
4,EANWTERELEFNRLYM,-596.4175447852896,-424.07358235348073,1051.0267240542466,1678.2640178203583,0.5116279069767442,0.6046511627906976
5,EANWYLSDSQHAIVAFGHNQY,-593.2749702066347,-450.3402183771627,219.10558027615846,1701.1597876548767,0.7441860465116279,0.7441860465116279
6,MSHKTDEKKLQRKELKQRQLKQE,-576.864821761136,-455.5532385984728,596.0466763352887,1711.850522518158,0.6511627906976745,0.7441860465116279
7,TLILGTERELLESYI,-602.0370927112876,-470.21091300373433,-270.7122917745632,1616.341227054596,0.6046511627906976,0.6976744186046512
8,MSHKTDEKKCMQKWQITS,-576.665841040113,-472.61691156291863,-204.07028429374307,1640.3346033096313,0.3023255813953488,0.6744186046511628
9,ERHKILHRLSLERKWQITS,-593.9516709704128,-477.06321382065767,-215.7825244440715,1662.0738770961761,0.6046511627906976,0.6744186046511628
10,ERHKILHWQLELLEKQE,-584.6582320219002,-475.6486754122576,-116.09700735737695,1634.530262708664,0.5813953488372093,0.7441860465116279
11,ERHKILKAEILGTERELLELQY,-575.7258711041763,-474.86790081306054,-375.95769719815905,1671.6455125808716,0.3953488372093023,0.6744186046511628
12,GSSQDSDAEILGQQPKTS,-580.2490686112205,-461.2422275890952,-181.23889252753327,1549.9882762432098,0.5116279069767442,0.6976744186046512
13,GSTERELLEKCMQKKYLWQLELELHRSP,-590.1762633416392,-463.2602860179957,-96.10431601455156,1638.7398931980133,0.5116279069767442,0.7209302325581395
14,GSTEREPLKCKHAIAITDEPWYRELLESYI,-582.3064946250638,-450.387244249378,178.22921264000234,1710.0443243980408,0.32558139534883723,0.6511627906976745
15,GPHLHKKRLF,-598.017355992416,-403.6331782943899,2026.4029345823062,1567.729587316513,0.3488372093023256,0.6744186046511628
16,EPMLYF,-594.5258638051052,-490.18523672622376,-434.02474543995373,1603.9889357089996,0.6046511627906976,0.7441860465116279
17,EPIQLHKHSPIPWYRELMSDKP,-543.8973258419563,-472.32172801322224,-406.09824616708636,1630.2851650714874,0.6046511627906976,0.6511627906976745
18,GHCMIMLLYERELLEKCMWQI,-533.7903940195143,-430.61294773674246,634.3901156974731,1593.5614018440247,0.5813953488372093,0.6744186046511628
19,ERMCMQCMIQKQNLESYI,-570.5288759856832,-467.9755196951278,7.001373812933728,1644.9070563316345,0.4883720930232558,0.7209302325581395
20,EEESLHKF,-547.1055181191524,-407.15246124818134,1168.4715465787758,1652.032616853714,0.37209302325581395,0.6744186046511628
21,ETERLLHKKYF,-553.3140744635872,-474.9516602067814,-431.4463511047215,1597.3683590888977,0.5581395348837209,0.6976744186046512
22,EHCLYKKYLF,-583.1098067723399,-479.99293094983824,-376.6244697618984,1594.4137835502625,0.4186046511627907,0.6744186046511628
23,ERNLEDYHKLHKF,-586.5700382853515,-487.5512325452508,-440.46095994773225,1621.192024230957,0.5813953488372093,0.7441860465116279
24,EQESLHKHQHLIP,-585.865415776521,-487.1222242120282,-446.6808909857316,1567.8827691078186,0.5813953488372093,0.6511627906976745
25,ETPLYHF,-574.0980277706581,-480.5537394740855,-422.27647640781635,1615.6856262683868,0.6976744186046512,0.6976744186046512
26,GMMLHEMHLEF,-582.2331195821183,-489.39750486533273,-423.35713797704454,1633.0468158721924,0.32558139534883723,0.6511627906976745
27,GPKLHLLCHY,-582.8460080483155,-473.85991463390985,-164.15287230241094,1642.0141472816467,0.627906976744186,0.6511627906976745
28,ERPESLHMSPHY,-591.3235256573593,-482.66966924552213,-428.1178107777863,1569.3231389522552,0.5581395348837209,0.6511627906976745
29,ERLPLPYHF,-592.8337597523902,-410.93966063526466,2178.766129657634,1584.5368473529816,0.4883720930232558,0.627906976744186
30,GMLHKHQYPV,-571.397746432138,-488.4649470568271,-383.38539252721654,1596.015623807907,0.4418604651162791,0.6744186046511628
31,GYQNLLYC,-577.5053927527047,-480.89059825774154,-299.45629766751455,1632.4475810527802,0.5581395348837209,0.6511627906976745
32,ETLPATIQY,-577.5752677177321,-471.42129704616764,-263.83865835874724,1570.3497080802917,0.3953488372093023,0.7674418604651163
33,YEEYHKKF,-601.5689840521646,-480.5161101445089,-400.6942353972729,1668.5394930839539,0.5581395348837209,0.6744186046511628
34,YLYHATIQYLEKF,-573.3567304984932,-484.0512690706163,-413.23230658392464,1608.0200953483582,0.4186046511627907,0.6744186046511628
35,GMLELHQTYT,-608.3840734925252,-478.1416058925269,-189.4775605690501,1764.8415386676788,0.6046511627906976,0.6976744186046512
36,GMLELHQTEEQF,-580.0838117291106,-476.04017709119677,-304.6598610002801,1605.9358298778534,0.6744186046511628,0.6744186046511628
37,ELLLPHKHPHQC,-590.271549172432,-473.868266463243,-138.30665444203703,1636.6814279556274,0.5813953488372093,0.627906976744186
38,GMLLHHKHPHSRYKQF,-580.5977053241664,-437.1610312532669,728.5525782146591,1667.3946006298065,0.5348837209302325,0.6744186046511628
39,EEEPC,-586.128426017285,-485.2978409181642,-438.6060935180192,1569.9788072109222,0.4186046511627907,0.6976744186046512
40,EIEEPC,-588.0460802022926,-486.0598646397072,-396.68112706620525,1600.6582078933716,0.32558139534883723,0.6976744186046512
41,GMLHKYW,-598.4873957322652,-457.1218957261808,358.54567197220535,1670.205358505249,0.5813953488372093,0.6744186046511628
42,GMLLKEPC,-579.8777916596429,-480.39407086594656,-415.03777705644677,1671.85848402977,0.6744186046511628,0.6976744186046512
43,ELLESPHMQNQC,-572.6366008583789,-435.69547542008956,1179.9099583272168,1707.2420101165771,0.5813953488372093,0.6976744186046512
44,GPKYW,-601.4410430848638,-486.3304629871706,-399.70540837551874,1627.2728161811829,0.5581395348837209,0.6744186046511628
45,GHELLMHQLCLRQNL,-580.020500094492,-488.7531057310146,-429.8917040523017,1600.3109180927277,0.46511627906976744,0.6511627906976745
46,GHPHLC,-576.7870180912913,-482.37586385786665,-429.77268355287845,1690.3553977012634,0.5116279069767442,0.7209302325581395
47,GLHKYLRYEEHPYYS,-593.1562545872739,-489.1878553427644,-439.10300710585375,1656.0493528842926,0.4418604651162791,0.6976744186046512
48,GLHKYLRYEEHPYRLPF,-588.2177996717464,-487.3498861018772,-449.0252080125014,1649.1415498256683,0.4186046511627907,0.6511627906976745
49,EQPYRLPF,-525.07408190991,-471.81628590337243,-416.226626747777,1721.9096081256866,0.6046511627906976,0.6744186046511628
50,WKHPL,-600.4132699521679,-488.9043986809386,-440.00067366590105,1638.6608390808105,0.5813953488372093,0.6511627906976745
51,EQPNF,-572.1116076067262,-469.7693244053908,87.64242545373975,1708.247728586197,0.5116279069767442,0.6511627906976745
52,EHELCP,-591.5468997027311,-464.4647059172685,596.706694609956,1655.171242237091,0.46511627906976744,0.7209302325581395
53,EQHLLSLC,-571.5884166195215,-482.1813311380727,-447.8085663559409,1643.380529642105,0.4883720930232558,0.6744186046511628
54,EERLYC,-588.8587075865207,-483.9786725019003,-455.2673228391465,1624.7546265125275,0.5116279069767442,0.6976744186046512
55,EQHLLSLYLC,-593.0593251835766,-480.0646900770384,-361.96232210705034,1637.2349424362183,0.46511627906976744,0.6976744186046512
56,EQHLLSLYLHREC,-589.5889449266698,-488.73403856636673,-445.6647287622818,1653.9391956329346,0.6046511627906976,0.6976744186046512
57,GLHLRQQLLRLC,-577.5749550227611,-489.27336574878564,-450.27168166043566,1652.8364777565002,0.4883720930232558,0.6511627906976745
58,RELELLMEQDLPC,-551.8271400864916,-484.88683040116877,-409.213208098307,1654.5408868789673,0.6744186046511628,0.6976744186046512
59,EMMLLCC,-521.5805725535773,-478.08417062080775,-436.62212704759816,1646.4195754528046,0.5348837209302325,0.6976744186046512
60,ESKLLRQQEQYW,-587.9417022397909,-465.61589770120287,3.6838370860754637,1642.4321224689484,0.5116279069767442,0.7441860465116279
61,RLLRQQEQYW,-584.3216511072349,-484.1761180623856,-333.86873301155373,1632.1182851791382,0.5348837209302325,0.6976744186046512
62,RELHREQYW,-580.1649691045212,-483.0379336512014,-442.31394865864985,1587.2038094997406,0.5348837209302325,0.6744186046511628
63,ESKLNRPC,-591.4629784586497,-487.0408489697935,-426.29351016256885,1614.417417049408,0.627906976744186,0.6976744186046512
64,GGQSKLNKLW,-583.3568445427505,-475.45479620409725,-114.15510638774771,1725.4663059711456,0.37209302325581395,0.6511627906976745
65,GHLPC,-518.8993761992372,-473.56345164678106,-399.34605744704083,1636.9308581352234,0.4186046511627907,0.6744186046511628
66,RGMQYPC,-582.8677056629002,-465.0103477066525,179.31806837313871,1669.6040108203888,0.46511627906976744,0.627906976744186
67,WLREY,-600.0161864382545,-481.3145513218738,-400.36007805363977,1640.545744895935,0.32558139534883723,0.6511627906976745
68,WGMCHLRS,-591.178223119931,-481.4600896718869,-403.8904543294857,1690.042950630188,0.4883720930232558,0.6744186046511628
69,WGMCHLNES,-588.8166929695138,-485.09645525525633,-392.97784017525686,1632.8883843421936,0.3488372093023256,0.6744186046511628
70,RVHQS,-594.1775023121712,-482.12999222106174,-386.62998651328786,1743.5358846187592,0.6046511627906976,0.6744186046511628
71,RSQRCL,-597.0978434660931,-483.1573620369405,-396.79715896991877,1618.3907973766327,0.3953488372093023,0.6744186046511628
72,RSQRCS,-532.3333281116535,-483.4697599003963,-426.7061397025685,1727.6562974452972,0.5348837209302325,0.6511627906976745
73,WGRHSC,-530.8243055890589,-472.62848398684,-260.69714087223923,1614.570387840271,0.3953488372093023,0.6744186046511628
74,PSRSS,-540.9620632678495,-475.7290579181415,-191.13829087881447,1720.952819108963,0.32558139534883723,0.6976744186046512
75,PLNKEC,-524.1874325102731,-483.3793424099735,-420.0625107020657,1708.139437198639,0.4418604651162791,0.6976744186046512
76,GLGSQNELLHYRCL,-597.6954368118072,-488.0286164103416,-260.0941772838475,1734.9900374412537,0.5348837209302325,0.6511627906976745
77,GLGSQNELLHYRRCS,-577.2150697745009,-488.5598403826859,-454.724626761831,1627.7804350852966,0.37209302325581395,0.6744186046511628
78,PHHYQC,-555.7977686506083,-490.12430586388575,-455.7886262262536,1658.515816450119,0.627906976744186,0.6511627906976745
79,PLQCCL,-585.2004564399984,-483.1969880955113,-351.1078230123709,1682.0340597629547,0.6511627906976745,0.6744186046511628
80,GLGYC,-571.3652617170746,-463.7132842559398,248.704253846469,1675.3868703842163,0.4186046511627907,0.7209302325581395
81,HHGHHC,-588.8698767199007,-485.11747009397425,-441.449450049199,1644.877693414688,0.5116279069767442,0.7209302325581395
82,GLSSRCS,-522.7337852305585,-472.9412685955002,-330.0719677573501,1632.459300994873,0.5581395348837209,0.6744186046511628
83,RYRLLQCC,-590.644514382389,-478.50169147836124,37.6708506941902,1678.8464603424072,0.5581395348837209,0.6744186046511628
84,WGLHC,-592.304870499397,-466.8686155654736,518.7629006400126,1649.8653399944305,0.6046511627906976,0.6511627906976745
85,RGLGHQNLQL,-595.6858299355639,-482.87321080323346,-255.1548564160176,1640.6292159557343,0.4883720930232558,0.6976744186046512
86,IGLGHQNLQGHLHRLSYRHSCL,-578.9582896391682,-461.5006928717169,326.801179775746,1603.1313982009888,0.6511627906976745,0.6511627906976745
87,PGCGRGLLHRLSYRGHQC,-578.9573863750478,-488.3573893535693,-446.4968694023066,1640.0582208633423,0.6976744186046512,0.6976744186046512
88,LRCGHSCC,-591.3800274157402,-482.6781147143698,-101.02097666443923,1662.7171077728271,0.46511627906976744,0.6744186046511628
89,HGSGLQQSSHSSEL,-574.6386548819407,-484.0785398878075,-437.5788079419117,1669.9876701831818,0.5348837209302325,0.6511627906976745
90,PGCGLNCQEC,-600.673410334531,-489.6425125099988,-382.0728581513781,1645.2705914974213,0.6046511627906976,0.6976744186046512
91,HSLGHQLQECRSHGC,-585.841408317177,-487.2505997269164,-432.8878442303628,1671.139352798462,0.37209302325581395,0.6744186046511628
92,GRGHQLQECRSHGC,-571.9165966533315,-483.6049325307329,-369.4961099262252,1705.9100089073181,0.3953488372093023,0.7209302325581395
93,HQSHLSHGCL,-605.4304870104689,-486.3775045622027,-427.7788223591972,1732.4569671154022,0.4418604651162791,0.6976744186046512
94,HSSSYQC,-599.3588447592795,-435.2647795364651,1367.0297339081378,1611.6361894607544,0.4418604651162791,0.6744186046511628
95,PGGHSCC,-610.53119914745,-468.05727909608237,447.53029300289546,1671.796130657196,0.4883720930232558,0.6976744186046512
96,HQNGGLGCSHLSHLHGDC,-573.3357659169627,-479.8728085891681,-336.7729785200835,1612.6681261062622,0.4883720930232558,0.6511627906976745
97,HQHGSC,-548.397166662518,-484.1541914040193,-397.31112426074674,1666.153422832489,0.4418604651162791,0.6744186046511628
98,GSSSSSYGSGC,-605.9937257793987,-495.18307656069896,-455.84734301948185,1692.5790252685547,0.5116279069767442,0.6744186046511628
99,GSSNSSSYSGLSQNGGHL,-585.5746368969671,-487.9584623946333,-451.5092399077226,1754.2825200557709,0.4418604651162791,0.6976744186046512
